{
    "os": "Linux-5.19.0-46-generic-x86_64-with-glibc2.35",
    "python": "3.11.5",
    "heartbeatAt": "2024-09-21T10:32:59.378452",
    "startedAt": "2024-09-21T10:32:58.356318",
    "docker": null,
    "cuda": null,
    "args": [
        "--wandb=1",
        "--expID=1"
    ],
    "state": "running",
    "program": "/home/avi/BoxTaxo_QLM/src/main.py",
    "codePathLocal": "main.py",
    "codePath": "src/main.py",
    "git": {
        "remote": "https://github.com/sahilmishra0012/QuanTaxoMania.git",
        "commit": "415af5a9abf142095231b3b4a6cb477cfb8b1621"
    },
    "email": "patni.avi@gmail.com",
    "root": "/home/avi/BoxTaxo_QLM",
    "host": "LCS2-IITD",
    "username": "avi",
    "executable": "/home/avi/miniconda3/envs/taxo/bin/python",
    "cpu_count": 48,
    "cpu_count_logical": 96,
    "cpu_freq": {
        "current": 1178.4874583333333,
        "min": 1000.0,
        "max": 4000.0
    },
    "cpu_freq_per_core": [
        {
            "current": 999.878,
            "min": 1000.0,
            "max": 4000.0
        },
        {
            "current": 1000.0,
            "min": 1000.0,
            "max": 4000.0
        },
        {
            "current": 1000.518,
            "min": 1000.0,
            "max": 4000.0
        },
        {
            "current": 999.955,
            "min": 1000.0,
            "max": 4000.0
        },
        {
            "current": 1000.02,
            "min": 1000.0,
            "max": 4000.0
        },
        {
            "current": 1000.0,
            "min": 1000.0,
            "max": 4000.0
        },
        {
            "current": 999.834,
            "min": 1000.0,
            "max": 4000.0
        },
        {
            "current": 1000.21,
            "min": 1000.0,
            "max": 4000.0
        },
        {
            "current": 1000.684,
            "min": 1000.0,
            "max": 4000.0
        },
        {
            "current": 1000.121,
            "min": 1000.0,
            "max": 4000.0
        },
        {
            "current": 1000.0,
            "min": 1000.0,
            "max": 4000.0
        },
        {
            "current": 1000.001,
            "min": 1000.0,
            "max": 4000.0
        },
        {
            "current": 1000.03,
            "min": 1000.0,
            "max": 4000.0
        },
        {
            "current": 1000.024,
            "min": 1000.0,
            "max": 4000.0
        },
        {
            "current": 1000.171,
            "min": 1000.0,
            "max": 4000.0
        },
        {
            "current": 1000.12,
            "min": 1000.0,
            "max": 4000.0
        },
        {
            "current": 1000.505,
            "min": 1000.0,
            "max": 4000.0
        },
        {
            "current": 1000.0,
            "min": 1000.0,
            "max": 4000.0
        },
        {
            "current": 1000.655,
            "min": 1000.0,
            "max": 4000.0
        },
        {
            "current": 1000.0,
            "min": 1000.0,
            "max": 4000.0
        },
        {
            "current": 999.935,
            "min": 1000.0,
            "max": 4000.0
        },
        {
            "current": 999.986,
            "min": 1000.0,
            "max": 4000.0
        },
        {
            "current": 999.917,
            "min": 1000.0,
            "max": 4000.0
        },
        {
            "current": 1000.168,
            "min": 1000.0,
            "max": 4000.0
        },
        {
            "current": 1000.0,
            "min": 1000.0,
            "max": 4000.0
        },
        {
            "current": 1276.179,
            "min": 1000.0,
            "max": 4000.0
        },
        {
            "current": 1000.0,
            "min": 1000.0,
            "max": 4000.0
        },
        {
            "current": 1000.0,
            "min": 1000.0,
            "max": 4000.0
        },
        {
            "current": 1000.0,
            "min": 1000.0,
            "max": 4000.0
        },
        {
            "current": 1000.0,
            "min": 1000.0,
            "max": 4000.0
        },
        {
            "current": 1000.0,
            "min": 1000.0,
            "max": 4000.0
        },
        {
            "current": 1401.357,
            "min": 1000.0,
            "max": 4000.0
        },
        {
            "current": 1000.0,
            "min": 1000.0,
            "max": 4000.0
        },
        {
            "current": 1000.0,
            "min": 1000.0,
            "max": 4000.0
        },
        {
            "current": 1000.027,
            "min": 1000.0,
            "max": 4000.0
        },
        {
            "current": 1000.0,
            "min": 1000.0,
            "max": 4000.0
        },
        {
            "current": 1000.0,
            "min": 1000.0,
            "max": 4000.0
        },
        {
            "current": 1000.0,
            "min": 1000.0,
            "max": 4000.0
        },
        {
            "current": 2100.0,
            "min": 1000.0,
            "max": 4000.0
        },
        {
            "current": 1400.0,
            "min": 1000.0,
            "max": 4000.0
        },
        {
            "current": 1000.0,
            "min": 1000.0,
            "max": 4000.0
        },
        {
            "current": 1000.0,
            "min": 1000.0,
            "max": 4000.0
        },
        {
            "current": 1000.0,
            "min": 1000.0,
            "max": 4000.0
        },
        {
            "current": 1000.0,
            "min": 1000.0,
            "max": 4000.0
        },
        {
            "current": 1000.0,
            "min": 1000.0,
            "max": 4000.0
        },
        {
            "current": 1000.0,
            "min": 1000.0,
            "max": 4000.0
        },
        {
            "current": 2187.537,
            "min": 1000.0,
            "max": 4000.0
        },
        {
            "current": 1000.0,
            "min": 1000.0,
            "max": 4000.0
        },
        {
            "current": 1001.657,
            "min": 1000.0,
            "max": 4000.0
        },
        {
            "current": 1001.028,
            "min": 1000.0,
            "max": 4000.0
        },
        {
            "current": 1000.0,
            "min": 1000.0,
            "max": 4000.0
        },
        {
            "current": 1000.023,
            "min": 1000.0,
            "max": 4000.0
        },
        {
            "current": 1000.185,
            "min": 1000.0,
            "max": 4000.0
        },
        {
            "current": 1000.704,
            "min": 1000.0,
            "max": 4000.0
        },
        {
            "current": 1000.538,
            "min": 1000.0,
            "max": 4000.0
        },
        {
            "current": 1000.129,
            "min": 1000.0,
            "max": 4000.0
        },
        {
            "current": 1000.0,
            "min": 1000.0,
            "max": 4000.0
        },
        {
            "current": 1000.0,
            "min": 1000.0,
            "max": 4000.0
        },
        {
            "current": 1000.164,
            "min": 1000.0,
            "max": 4000.0
        },
        {
            "current": 1000.067,
            "min": 1000.0,
            "max": 4000.0
        },
        {
            "current": 999.908,
            "min": 1000.0,
            "max": 4000.0
        },
        {
            "current": 1000.204,
            "min": 1000.0,
            "max": 4000.0
        },
        {
            "current": 1000.021,
            "min": 1000.0,
            "max": 4000.0
        },
        {
            "current": 1000.156,
            "min": 1000.0,
            "max": 4000.0
        },
        {
            "current": 1000.044,
            "min": 1000.0,
            "max": 4000.0
        },
        {
            "current": 1000.0,
            "min": 1000.0,
            "max": 4000.0
        },
        {
            "current": 1000.0,
            "min": 1000.0,
            "max": 4000.0
        },
        {
            "current": 1000.374,
            "min": 1000.0,
            "max": 4000.0
        },
        {
            "current": 1000.311,
            "min": 1000.0,
            "max": 4000.0
        },
        {
            "current": 1000.122,
            "min": 1000.0,
            "max": 4000.0
        },
        {
            "current": 1000.198,
            "min": 1000.0,
            "max": 4000.0
        },
        {
            "current": 1000.198,
            "min": 1000.0,
            "max": 4000.0
        },
        {
            "current": 1000.0,
            "min": 1000.0,
            "max": 4000.0
        },
        {
            "current": 1000.0,
            "min": 1000.0,
            "max": 4000.0
        },
        {
            "current": 3500.0,
            "min": 1000.0,
            "max": 4000.0
        },
        {
            "current": 1000.0,
            "min": 1000.0,
            "max": 4000.0
        },
        {
            "current": 2230.773,
            "min": 1000.0,
            "max": 4000.0
        },
        {
            "current": 2236.294,
            "min": 1000.0,
            "max": 4000.0
        },
        {
            "current": 1771.912,
            "min": 1000.0,
            "max": 4000.0
        },
        {
            "current": 1000.0,
            "min": 1000.0,
            "max": 4000.0
        },
        {
            "current": 1000.0,
            "min": 1000.0,
            "max": 4000.0
        },
        {
            "current": 1000.0,
            "min": 1000.0,
            "max": 4000.0
        },
        {
            "current": 1000.0,
            "min": 1000.0,
            "max": 4000.0
        },
        {
            "current": 1000.0,
            "min": 1000.0,
            "max": 4000.0
        },
        {
            "current": 1000.0,
            "min": 1000.0,
            "max": 4000.0
        },
        {
            "current": 3500.0,
            "min": 1000.0,
            "max": 4000.0
        },
        {
            "current": 1000.0,
            "min": 1000.0,
            "max": 4000.0
        },
        {
            "current": 1000.0,
            "min": 1000.0,
            "max": 4000.0
        },
        {
            "current": 1000.0,
            "min": 1000.0,
            "max": 4000.0
        },
        {
            "current": 1645.779,
            "min": 1000.0,
            "max": 4000.0
        },
        {
            "current": 1000.0,
            "min": 1000.0,
            "max": 4000.0
        },
        {
            "current": 1000.0,
            "min": 1000.0,
            "max": 4000.0
        },
        {
            "current": 2400.0,
            "min": 1000.0,
            "max": 4000.0
        },
        {
            "current": 1799.997,
            "min": 1000.0,
            "max": 4000.0
        },
        {
            "current": 1000.0,
            "min": 1000.0,
            "max": 4000.0
        },
        {
            "current": 1000.0,
            "min": 1000.0,
            "max": 4000.0
        }
    ],
    "disk": {
        "/": {
            "total": 914.6905212402344,
            "used": 777.3654098510742
        }
    },
    "gpu": "NVIDIA A100 80GB PCIe",
    "gpu_count": 1,
    "gpu_devices": [
        {
            "name": "NVIDIA A100 80GB PCIe",
            "memory_total": 85899345920
        }
    ],
    "memory": {
        "total": 1006.5461349487305
    }
}
